<?xml version="1.0"?>
<doc>
    <assembly>
        <name>Common.Patterns.Collections</name>
    </assembly>
    <members>
        <member name="T:Common.Patterns.Collections.LockFree.Queue`1">
            <summary>
            A lock free lightweight Queue container that has limited features.
            </summary>
            <typeparam name="T"></typeparam>
        </member>
        <member name="T:Common.Patterns.Collections.LockFree.Stack`1">
            <summary>
            A Lock Free lightweight stack container that has limited features. 
            </summary>
            <typeparam name="T"></typeparam>
        </member>
    </members>
</doc>
